"Name","Calls","TotalDurationNs","AverageNs","Percentage","MinNs","MaxNs","StdDev"
"void at::native::reduce_kernel<512, 1, at::native::ReduceOp<float, at::native::ArgMinOps<float>, unsigned int, long, 4, 4> >(at::native::ReduceOp<float, at::native::ArgMinOps<float>, unsigned int, long, 4, 4>)",2,239082,119541.000000,12.29,9240,229842,155989.170143
"__amd_rocclr_copyBuffer",56,208962,3731.464286,10.74,1280,6400,1320.627412
"void at::native::vectorized_elementwise_kernel<4, at::native::AbsFunctor<float>, std::array<char*, 2ul> >(int, at::native::AbsFunctor<float>, std::array<char*, 2ul>)",7,103762,14823.142857,5.33,2200,80961,29204.020536
"Cijk_Alik_Bljk_BBS_BH_Bias_HA_S_SAV_UserArgs_MT128x64x64_MI16x16x1_SN_LDSB1_AFC0_AFEM1_AFEM1_ASEM1_CLR1_CADS0_DTLA0_DTLB0_DTVA0_DTVB0_EPS0_FDSI0_GRPM1_GRVWA8_GRVWB8_GSU0_GSUAMB_GLS0_ISA950_IU1_K1_LDSTI0_LBSPPA512_LBSPPB256_LBSPPM0_LPA16_LPB16_LPM0_LRVW8_LWPMn1_MIAV0_MIWT4_2_MO40_NTn1_NTA0_NTB0_NTC0_NTD0_NTM0_NEPBS0_NLCA1_NLCB1_ONLL1_PGR2_PLR1_PKA1_SIA3_SS1_SPO0_SRVW0_SSO0_SVW4_SK3_SKFTR0_SKXCCM0_TLDS1_ULSGRO0_USL1_UIOFGRO0_USFGRO0_VSn1_VWA4_VWB2_WSGRA0_WSGRB0_WS64_WG32_8_1",11,78881,7171.000000,4.06,6240,8680,712.305412
"void at::native::reduce_kernel<128, 4, at::native::ReduceOp<c10::BFloat16, at::native::func_wrapper_t<c10::BFloat16, at::native::sum_functor<c10::BFloat16, float, c10::BFloat16>::operator()(at::TensorIterator&)::{lambda(float, float)#1}>, unsigned int, c10::BFloat16, 4, 8> >(at::native::ReduceOp<c10::BFloat16, at::native::func_wrapper_t<c10::BFloat16, at::native::sum_functor<c10::BFloat16, float, c10::BFloat16>::operator()(at::TensorIterator&)::{lambda(float, float)#1}>, unsigned int, c10::BFloat16, 4, 8>)",11,78880,7170.909091,4.06,6600,9560,943.031861
"void at::native::index_elementwise_kernel<128, 4, at::native::gpu_index_kernel<at::native::index_kernel_impl<at::native::OpaqueType<4> >(at::TensorIteratorBase&, c10::ArrayRef<long>, c10::ArrayRef<long>)::{lambda(char*, char const*, long)#1}>(at::TensorIteratorBase&, c10::ArrayRef<long>, c10::ArrayRef<long>, at::native::index_kernel_impl<at::native::OpaqueType<4> >(at::TensorIteratorBase&, c10::ArrayRef<long>, c10::ArrayRef<long>)::{lambda(char*, char const*, long)#1} const&, bool)::{lambda(int)#1}>(long, at::native::gpu_index_kernel<at::native::index_kernel_impl<at::native::OpaqueType<4> >(at::TensorIteratorBase&, c10::ArrayRef<long>, c10::ArrayRef<long>)::{lambda(char*, char const*, long)#1}>(at::TensorIteratorBase&, c10::ArrayRef<long>, c10::ArrayRef<long>, at::native::index_kernel_impl<at::native::OpaqueType<4> >(at::TensorIteratorBase&, c10::ArrayRef<long>, c10::ArrayRef<long>)::{lambda(char*, char const*, long)#1} const&, bool)::{lambda(int)#1})",7,66160,9451.428571,3.40,5520,15520,4062.230211
"void at::native::elementwise_kernel_manual_unroll<128, 4, at::native::gpu_kernel_impl_nocast<at::native::CUDAFunctor_add<float> >(at::TensorIteratorBase&, at::native::CUDAFunctor_add<float> const&)::{lambda(int, bool)#1}>(int, at::native::gpu_kernel_impl_nocast<at::native::CUDAFunctor_add<float> >(at::TensorIteratorBase&, at::native::CUDAFunctor_add<float> const&)::{lambda(int, bool)#1})",2,65520,32760.000000,3.37,5720,59800,38240.334727
"void at::native::elementwise_kernel_manual_unroll<128, 8, at::native::gpu_kernel_impl_nocast<at::native::BinaryFunctor<c10::BFloat16, c10::BFloat16, c10::BFloat16, at::native::binary_internal::MulFunctor<float> > >(at::TensorIteratorBase&, at::native::BinaryFunctor<c10::BFloat16, c10::BFloat16, c10::BFloat16, at::native::binary_internal::MulFunctor<float> > const&)::{lambda(int, bool)#1}>(int, at::native::gpu_kernel_impl_nocast<at::native::BinaryFunctor<c10::BFloat16, c10::BFloat16, c10::BFloat16, at::native::binary_internal::MulFunctor<float> > >(at::TensorIteratorBase&, at::native::BinaryFunctor<c10::BFloat16, c10::BFloat16, c10::BFloat16, at::native::binary_internal::MulFunctor<float> > const&)::{lambda(int, bool)#1})",11,63921,5811.000000,3.29,5240,8000,889.361007
"void at::native::elementwise_kernel_manual_unroll<128, 8, at::native::gpu_kernel_impl_nocast<at::native::direct_copy_kernel_cuda(at::TensorIteratorBase&)::{lambda()#3}::operator()() const::{lambda()#1}::operator()() const::{lambda(unsigned char)#1}>(at::TensorIteratorBase&, at::native::direct_copy_kernel_cuda(at::TensorIteratorBase&)::{lambda()#3}::operator()() const::{lambda()#1}::operator()() const::{lambda(unsigned char)#1} const&)::{lambda(int, bool)#1}>(int, at::native::gpu_kernel_impl_nocast<at::native::direct_copy_kernel_cuda(at::TensorIteratorBase&)::{lambda()#3}::operator()() const::{lambda()#1}::operator()() const::{lambda(unsigned char)#1}>(at::TensorIteratorBase&, at::native::direct_copy_kernel_cuda(at::TensorIteratorBase&)::{lambda()#3}::operator()() const::{lambda()#1}::operator()() const::{lambda(unsigned char)#1} const&)::{lambda(int, bool)#1})",12,63722,5310.166667,3.28,3040,7440,1256.235418
"void at::native::elementwise_kernel_manual_unroll<128, 4, at::native::gpu_kernel_impl<at::native::(anonymous namespace)::pow_tensor_tensor_kernel(at::TensorIteratorBase&)::{lambda()#1}::operator()() const::{lambda()#7}::operator()() const::{lambda(float, float)#1}>(at::TensorIteratorBase&, at::native::(anonymous namespace)::pow_tensor_tensor_kernel(at::TensorIteratorBase&)::{lambda()#1}::operator()() const::{lambda()#7}::operator()() const::{lambda(float, float)#1} const&)::{lambda(int, bool)#2}>(int, at::native::gpu_kernel_impl<at::native::(anonymous namespace)::pow_tensor_tensor_kernel(at::TensorIteratorBase&)::{lambda()#1}::operator()() const::{lambda()#7}::operator()() const::{lambda(float, float)#1}>(at::TensorIteratorBase&, at::native::(anonymous namespace)::pow_tensor_tensor_kernel(at::TensorIteratorBase&)::{lambda()#1}::operator()() const::{lambda()#7}::operator()() const::{lambda(float, float)#1} const&)::{lambda(int, bool)#2})",6,63321,10553.500000,3.26,9001,11400,830.786074
"pa_mqa_logits_fp4_kernel_0",12,58601,4883.416667,3.01,4360,6320,731.251786
"void at::native::elementwise_kernel_manual_unroll<128, 4, at::native::gpu_kernel_impl<at::native::direct_copy_kernel_cuda(at::TensorIteratorBase&)::{lambda()#3}::operator()() const::{lambda()#4}::operator()() const::{lambda(long)#1}>(at::TensorIteratorBase&, at::native::direct_copy_kernel_cuda(at::TensorIteratorBase&)::{lambda()#3}::operator()() const::{lambda()#4}::operator()() const::{lambda(long)#1} const&)::{lambda(int, bool)#1}>(int, at::native::gpu_kernel_impl<at::native::direct_copy_kernel_cuda(at::TensorIteratorBase&)::{lambda()#3}::operator()() const::{lambda()#4}::operator()() const::{lambda(long)#1}>(at::TensorIteratorBase&, at::native::direct_copy_kernel_cuda(at::TensorIteratorBase&)::{lambda()#3}::operator()() const::{lambda()#4}::operator()() const::{lambda(long)#1} const&)::{lambda(int, bool)#1})",6,53200,8866.666667,2.73,3640,13920,3821.343568
"void at::native::vectorized_elementwise_kernel<8, at::native::(anonymous namespace)::launch_clamp_scalar(at::TensorIteratorBase&, c10::Scalar, c10::Scalar, at::native::detail::ClampLimits)::{lambda()#1}::operator()() const::{lambda()#9}::operator()() const::{lambda(c10::BFloat16)#1}, std::array<char*, 2ul> >(int, at::native::(anonymous namespace)::launch_clamp_scalar(at::TensorIteratorBase&, c10::Scalar, c10::Scalar, at::native::detail::ClampLimits)::{lambda()#1}::operator()() const::{lambda()#9}::operator()() const::{lambda(c10::BFloat16)#1}, std::array<char*, 2ul>)",11,51520,4683.636364,2.65,3760,7040,943.093556
"void at::native::elementwise_kernel_manual_unroll<128, 4, at::native::gpu_kernel_impl<at::native::direct_copy_kernel_cuda(at::TensorIteratorBase&)::{lambda()#3}::operator()() const::{lambda()#7}::operator()() const::{lambda(float)#1}>(at::TensorIteratorBase&, at::native::direct_copy_kernel_cuda(at::TensorIteratorBase&)::{lambda()#3}::operator()() const::{lambda()#7}::operator()() const::{lambda(float)#1} const&)::{lambda(int, bool)#1}>(int, at::native::gpu_kernel_impl<at::native::direct_copy_kernel_cuda(at::TensorIteratorBase&)::{lambda()#3}::operator()() const::{lambda()#7}::operator()() const::{lambda(float)#1}>(at::TensorIteratorBase&, at::native::direct_copy_kernel_cuda(at::TensorIteratorBase&)::{lambda()#3}::operator()() const::{lambda()#7}::operator()() const::{lambda(float)#1} const&)::{lambda(int, bool)#1})",8,46962,5870.250000,2.41,4560,8881,1379.447172
"void at::native::index_elementwise_kernel<128, 4, at::native::gpu_index_kernel<at::native::index_kernel_impl<at::native::OpaqueType<8> >(at::TensorIteratorBase&, c10::ArrayRef<long>, c10::ArrayRef<long>)::{lambda(char*, char const*, long)#1}>(at::TensorIteratorBase&, c10::ArrayRef<long>, c10::ArrayRef<long>, at::native::index_kernel_impl<at::native::OpaqueType<8> >(at::TensorIteratorBase&, c10::ArrayRef<long>, c10::ArrayRef<long>)::{lambda(char*, char const*, long)#1} const&, bool)::{lambda(int)#1}>(long, at::native::gpu_index_kernel<at::native::index_kernel_impl<at::native::OpaqueType<8> >(at::TensorIteratorBase&, c10::ArrayRef<long>, c10::ArrayRef<long>)::{lambda(char*, char const*, long)#1}>(at::TensorIteratorBase&, c10::ArrayRef<long>, c10::ArrayRef<long>, at::native::index_kernel_impl<at::native::OpaqueType<8> >(at::TensorIteratorBase&, c10::ArrayRef<long>, c10::ArrayRef<long>)::{lambda(char*, char const*, long)#1} const&, bool)::{lambda(int)#1})",4,42841,10710.250000,2.20,5640,15881,5742.065272
"void at::native::elementwise_kernel_manual_unroll<128, 4, at::native::gpu_kernel_impl_nocast<at::native::BinaryFunctor<float, float, float, at::native::binary_internal::MulFunctor<float> > >(at::TensorIteratorBase&, at::native::BinaryFunctor<float, float, float, at::native::binary_internal::MulFunctor<float> > const&)::{lambda(int, bool)#1}>(int, at::native::gpu_kernel_impl_nocast<at::native::BinaryFunctor<float, float, float, at::native::binary_internal::MulFunctor<float> > >(at::TensorIteratorBase&, at::native::BinaryFunctor<float, float, float, at::native::binary_internal::MulFunctor<float> > const&)::{lambda(int, bool)#1})",8,42840,5355.000000,2.20,3760,8920,1802.529968
"void at::native::reduce_kernel<512, 1, at::native::ReduceOp<float, at::native::func_wrapper_t<float, at::native::MaxNanFunctor<float> >, unsigned int, float, 4, 4> >(at::native::ReduceOp<float, at::native::func_wrapper_t<float, at::native::MaxNanFunctor<float> >, unsigned int, float, 4, 4>)",2,31921,15960.500000,1.64,7321,24600,12218.098072
"void at::native::reduce_kernel<128, 4, at::native::ReduceOp<float, at::native::func_wrapper_t<float, at::native::sum_functor<float, float, float>::operator()(at::TensorIterator&)::{lambda(float, float)#2}>, unsigned int, float, 4, 4> >(at::native::ReduceOp<float, at::native::func_wrapper_t<float, at::native::sum_functor<float, float, float>::operator()(at::TensorIterator&)::{lambda(float, float)#2}>, unsigned int, float, 4, 4>)",4,31760,7940.000000,1.63,7280,9320,932.094416
"void at::native::vectorized_elementwise_kernel<4, at::native::CUDAFunctorOnSelf_add<float>, std::array<char*, 2ul> >(int, at::native::CUDAFunctorOnSelf_add<float>, std::array<char*, 2ul>)",9,27840,3093.333333,1.43,1800,6000,1273.106437
"void at::native::vectorized_elementwise_kernel<4, at::native::(anonymous namespace)::launch_clamp_scalar(at::TensorIteratorBase&, c10::Scalar, c10::Scalar, at::native::detail::ClampLimits)::{lambda()#1}::operator()() const::{lambda()#7}::operator()() const::{lambda(float)#1}, std::array<char*, 2ul> >(int, at::native::(anonymous namespace)::launch_clamp_scalar(at::TensorIteratorBase&, c10::Scalar, c10::Scalar, at::native::detail::ClampLimits)::{lambda()#1}::operator()() const::{lambda()#7}::operator()() const::{lambda(float)#1}, std::array<char*, 2ul>)",8,26560,3320.000000,1.37,1920,4320,850.680400
"void at::native::vectorized_elementwise_kernel<16, at::native::AUnaryFunctor<unsigned char, unsigned char, unsigned char, at::native::BitwiseAndFunctor<unsigned char> >, std::array<char*, 2ul> >(int, at::native::AUnaryFunctor<unsigned char, unsigned char, unsigned char, at::native::BitwiseAndFunctor<unsigned char> >, std::array<char*, 2ul>)",8,24121,3015.125000,1.24,2120,3920,779.663927
"void at::native::index_elementwise_kernel<128, 4, at::native::gpu_index_kernel<at::native::index_kernel_impl<at::native::OpaqueType<1> >(at::TensorIteratorBase&, c10::ArrayRef<long>, c10::ArrayRef<long>)::{lambda(char*, char const*, long)#1}>(at::TensorIteratorBase&, c10::ArrayRef<long>, c10::ArrayRef<long>, at::native::index_kernel_impl<at::native::OpaqueType<1> >(at::TensorIteratorBase&, c10::ArrayRef<long>, c10::ArrayRef<long>)::{lambda(char*, char const*, long)#1} const&, bool)::{lambda(int)#1}>(long, at::native::gpu_index_kernel<at::native::index_kernel_impl<at::native::OpaqueType<1> >(at::TensorIteratorBase&, c10::ArrayRef<long>, c10::ArrayRef<long>)::{lambda(char*, char const*, long)#1}>(at::TensorIteratorBase&, c10::ArrayRef<long>, c10::ArrayRef<long>, at::native::index_kernel_impl<at::native::OpaqueType<1> >(at::TensorIteratorBase&, c10::ArrayRef<long>, c10::ArrayRef<long>)::{lambda(char*, char const*, long)#1} const&, bool)::{lambda(int)#1})",2,21920,10960.000000,1.13,7000,14920,5600.285707
"void rocprim::ROCPRIM_400200_NS::detail::trampoline_kernel<rocprim::ROCPRIM_400200_NS::detail::wrapped_partition_config<rocprim::ROCPRIM_400200_NS::default_config, (rocprim::ROCPRIM_400200_NS::detail::partition_subalgo)5, long, rocprim::ROCPRIM_400200_NS::empty_type>, (rocprim::ROCPRIM_400200_NS::detail::target_arch)950, rocprim::ROCPRIM_400200_NS::detail::partition_impl<(rocprim::ROCPRIM_400200_NS::detail::partition_subalgo)5, false, rocprim::ROCPRIM_400200_NS::default_config, unsigned long, hipcub::HIPCUB_400200_NS::CountingInputIterator<long, long>, rocprim::ROCPRIM_400200_NS::empty_type*, hipcub::HIPCUB_400200_NS::TransformInputIterator<bool, at::native::(anonymous namespace)::NonZeroOp<bool>, bool const*, long>, rocprim::ROCPRIM_400200_NS::tuple<long*, rocprim::ROCPRIM_400200_NS::empty_type>, rocprim::ROCPRIM_400200_NS::tuple<rocprim::ROCPRIM_400200_NS::empty_type*, rocprim::ROCPRIM_400200_NS::empty_type*>, rocprim::ROCPRIM_400200_NS::empty_type, int*, rocprim::ROCPRIM_400200_NS::empty_type>(void*, unsigned long&, hipcub::HIPCUB_400200_NS::CountingInputIterator<long, long>, rocprim::ROCPRIM_400200_NS::empty_type*, hipcub::HIPCUB_400200_NS::TransformInputIterator<bool, at::native::(anonymous namespace)::NonZeroOp<bool>, bool const*, long>, rocprim::ROCPRIM_400200_NS::tuple<long*, rocprim::ROCPRIM_400200_NS::empty_type>, rocprim::ROCPRIM_400200_NS::tuple<rocprim::ROCPRIM_400200_NS::empty_type*, rocprim::ROCPRIM_400200_NS::empty_type*>, int*, unsigned long, rocprim::ROCPRIM_400200_NS::empty_type, ihipStream_t*, bool, rocprim::ROCPRIM_400200_NS::empty_type)::{lambda(auto:1, auto:2)#1}::operator()<std::integral_constant<bool, false>, std::integral_constant<bool, true> >(std::integral_constant<bool, false>, std::integral_constant<bool, true>) const::{lambda(auto:1)#1}, rocprim::ROCPRIM_400200_NS::detail::default_config_selector>(rocprim::ROCPRIM_400200_NS::detail::partition_impl<(rocprim::ROCPRIM_400200_NS::detail::partition_subalgo)5, false, rocprim::ROCPRIM_400200_NS::default_config, unsigned long, hipcub::HIPCUB_400200_NS::CountingInputIterator<long, long>, rocprim::ROCPRIM_400200_NS::empty_type*, hipcub::HIPCUB_400200_NS::TransformInputIterator<bool, at::native::(anonymous namespace)::NonZeroOp<bool>, bool const*, long>, rocprim::ROCPRIM_400200_NS::tuple<long*, rocprim::ROCPRIM_400200_NS::empty_type>, rocprim::ROCPRIM_400200_NS::tuple<rocprim::ROCPRIM_400200_NS::empty_type*, rocprim::ROCPRIM_400200_NS::empty_type*>, rocprim::ROCPRIM_400200_NS::empty_type, int*, rocprim::ROCPRIM_400200_NS::empty_type>(void*, unsigned long&, hipcub::HIPCUB_400200_NS::CountingInputIterator<long, long>, rocprim::ROCPRIM_400200_NS::empty_type*, hipcub::HIPCUB_400200_NS::TransformInputIterator<bool, at::native::(anonymous namespace)::NonZeroOp<bool>, bool const*, long>, rocprim::ROCPRIM_400200_NS::tuple<long*, rocprim::ROCPRIM_400200_NS::empty_type>, rocprim::ROCPRIM_400200_NS::tuple<rocprim::ROCPRIM_400200_NS::empty_type*, rocprim::ROCPRIM_400200_NS::empty_type*>, int*, unsigned long, rocprim::ROCPRIM_400200_NS::empty_type, ihipStream_t*, bool, rocprim::ROCPRIM_400200_NS::empty_type)::{lambda(auto:1, auto:2)#1}::operator()<std::integral_constant<bool, false>, std::integral_constant<bool, true> >(std::integral_constant<bool, false>, std::integral_constant<bool, true>) const::{lambda(auto:1)#1})",3,21120,7040.000000,1.09,6520,7320,450.777107
"void at::native::(anonymous namespace)::distribution_elementwise_grid_stride_kernel<float, 4, at::native::templates::cuda::normal_and_transform<c10::BFloat16, float, at::CUDAGeneratorImpl*, at::native::templates::cuda::normal_kernel<at::CUDAGeneratorImpl*>(at::TensorBase const&, double, double, at::CUDAGeneratorImpl*)::{lambda()#1}::operator()() const::{lambda()#4}::operator()() const::{lambda(float)#1}>(at::TensorIteratorBase&, at::CUDAGeneratorImpl*, at::native::templates::cuda::normal_kernel<at::CUDAGeneratorImpl*>(at::TensorBase const&, double, double, at::CUDAGeneratorImpl*)::{lambda()#1}::operator()() const::{lambda()#4}::operator()() const::{lambda(float)#1})::{lambda(hiprandStatePhilox4_32_10*)#2}, at::native::(anonymous namespace)::distribution_nullary_kernel<c10::BFloat16, float, HIP_vector_type<float, 4u>, at::CUDAGeneratorImpl*, at::native::templates::cuda::normal_and_transform<c10::BFloat16, float, at::CUDAGeneratorImpl*, at::native::templates::cuda::normal_kernel<at::CUDAGeneratorImpl*>(at::TensorBase const&, double, double, at::CUDAGeneratorImpl*)::{lambda()#1}::operator()() const::{lambda()#4}::operator()() const::{lambda(float)#1}>(at::TensorIteratorBase&, at::CUDAGeneratorImpl*, at::native::templates::cuda::normal_kernel<at::CUDAGeneratorImpl*>(at::TensorBase const&, double, double, at::CUDAGeneratorImpl*)::{lambda()#1}::operator()() const::{lambda()#4}::operator()() const::{lambda(float)#1})::{lambda(hiprandStatePhilox4_32_10*)#2}, at::native::templates::cuda::normal_kernel<at::CUDAGeneratorImpl*>(at::TensorBase const&, double, double, at::CUDAGeneratorImpl*)::{lambda()#1}::operator()() const::{lambda()#4}::operator()() const::{lambda(float)#1}>(at::TensorIteratorBase&, at::CUDAGeneratorImpl*, at::native::templates::cuda::normal_and_transform<c10::BFloat16, float, at::CUDAGeneratorImpl*, at::native::templates::cuda::normal_kernel<at::CUDAGeneratorImpl*>(at::TensorBase const&, double, double, at::CUDAGeneratorImpl*)::{lambda()#1}::operator()() const::{lambda()#4}::operator()() const::{lambda(float)#1}>(at::TensorIteratorBase&, at::CUDAGeneratorImpl*, at::native::templates::cuda::normal_kernel<at::CUDAGeneratorImpl*>(at::TensorBase const&, double, double, at::CUDAGeneratorImpl*)::{lambda()#1}::operator()() const::{lambda()#4}::operator()() const::{lambda(float)#1})::{lambda(hiprandStatePhilox4_32_10*)#2} const&, at::native::templates::cuda::normal_kernel<at::CUDAGeneratorImpl*>(at::TensorBase const&, double, double, at::CUDAGeneratorImpl*)::{lambda()#1}::operator()() const::{lambda()#4}::operator()() const::{lambda(float)#1})::{lambda(int, float)#1}>(long, at::PhiloxCudaState, at::native::templates::cuda::normal_and_transform<c10::BFloat16, float, at::CUDAGeneratorImpl*, at::native::templates::cuda::normal_kernel<at::CUDAGeneratorImpl*>(at::TensorBase const&, double, double, at::CUDAGeneratorImpl*)::{lambda()#1}::operator()() const::{lambda()#4}::operator()() const::{lambda(float)#1}>(at::TensorIteratorBase&, at::CUDAGeneratorImpl*, at::native::templates::cuda::normal_kernel<at::CUDAGeneratorImpl*>(at::TensorBase const&, double, double, at::CUDAGeneratorImpl*)::{lambda()#1}::operator()() const::{lambda()#4}::operator()() const::{lambda(float)#1})::{lambda(hiprandStatePhilox4_32_10*)#2}, at::native::(anonymous namespace)::distribution_nullary_kernel<c10::BFloat16, float, HIP_vector_type<float, 4u>, at::CUDAGeneratorImpl*, at::native::templates::cuda::normal_and_transform<c10::BFloat16, float, at::CUDAGeneratorImpl*, at::native::templates::cuda::normal_kernel<at::CUDAGeneratorImpl*>(at::TensorBase const&, double, double, at::CUDAGeneratorImpl*)::{lambda()#1}::operator()() const::{lambda()#4}::operator()() const::{lambda(float)#1}>(at::TensorIteratorBase&, at::CUDAGeneratorImpl*, at::native::templates::cuda::normal_kernel<at::CUDAGeneratorImpl*>(at::TensorBase const&, double, double, at::CUDAGeneratorImpl*)::{lambda()#1}::operator()() const::{lambda()#4}::operator()() const::{lambda(float)#1})::{lambda(hiprandStatePhilox4_32_10*)#2}, at::native::templates::cuda::normal_kernel<at::CUDAGeneratorImpl*>(at::TensorBase const&, double, double, at::CUDAGeneratorImpl*)::{lambda()#1}::operator()() const::{lambda()#4}::operator()() const::{lambda(float)#1}>(at::TensorIteratorBase&, at::CUDAGeneratorImpl*, at::native::templates::cuda::normal_and_transform<c10::BFloat16, float, at::CUDAGeneratorImpl*, at::native::templates::cuda::normal_kernel<at::CUDAGeneratorImpl*>(at::TensorBase const&, double, double, at::CUDAGeneratorImpl*)::{lambda()#1}::operator()() const::{lambda()#4}::operator()() const::{lambda(float)#1}>(at::TensorIteratorBase&, at::CUDAGeneratorImpl*, at::native::templates::cuda::normal_kernel<at::CUDAGeneratorImpl*>(at::TensorBase const&, double, double, at::CUDAGeneratorImpl*)::{lambda()#1}::operator()() const::{lambda()#4}::operator()() const::{lambda(float)#1})::{lambda(hiprandStatePhilox4_32_10*)#2} const&, at::native::templates::cuda::normal_kernel<at::CUDAGeneratorImpl*>(at::TensorBase const&, double, double, at::CUDAGeneratorImpl*)::{lambda()#1}::operator()() const::{lambda()#4}::operator()() const::{lambda(float)#1})::{lambda(int, float)#1})",2,19520,9760.000000,1.00,5840,13680,5543.717165
"void at::native::reduce_kernel<512, 1, at::native::ReduceOp<double, at::native::NormTwoOps<double, double, double>, unsigned int, double, 4, 4> >(at::native::ReduceOp<double, at::native::NormTwoOps<double, double, double>, unsigned int, double, 4, 4>)",2,17480,8740.000000,0.8986,8040,9440,989.949494
"void at::native::elementwise_kernel_manual_unroll<128, 4, at::native::gpu_kernel_impl<at::native::direct_copy_kernel_cuda(at::TensorIteratorBase&)::{lambda()#3}::operator()() const::{lambda()#6}::operator()() const::{lambda(double)#1}>(at::TensorIteratorBase&, at::native::direct_copy_kernel_cuda(at::TensorIteratorBase&)::{lambda()#3}::operator()() const::{lambda()#6}::operator()() const::{lambda(double)#1} const&)::{lambda(int, bool)#1}>(int, at::native::gpu_kernel_impl<at::native::direct_copy_kernel_cuda(at::TensorIteratorBase&)::{lambda()#3}::operator()() const::{lambda()#6}::operator()() const::{lambda(double)#1}>(at::TensorIteratorBase&, at::native::direct_copy_kernel_cuda(at::TensorIteratorBase&)::{lambda()#3}::operator()() const::{lambda()#6}::operator()() const::{lambda(double)#1} const&)::{lambda(int, bool)#1})",2,17000,8500.000000,0.8739,4680,12320,5402.295808
"void at::native::index_elementwise_kernel<128, 4, at::native::gpu_index_kernel<at::native::index_put_kernel_impl<at::native::OpaqueType<1> >(at::TensorIterator&, c10::ArrayRef<long>, c10::ArrayRef<long>)::{lambda(char*, char const*, long)#1}>(at::TensorIteratorBase&, c10::ArrayRef<long>, c10::ArrayRef<long>, at::native::index_put_kernel_impl<at::native::OpaqueType<1> >(at::TensorIterator&, c10::ArrayRef<long>, c10::ArrayRef<long>)::{lambda(char*, char const*, long)#1} const&, bool)::{lambda(int)#1}>(long, at::native::gpu_index_kernel<at::native::index_put_kernel_impl<at::native::OpaqueType<1> >(at::TensorIterator&, c10::ArrayRef<long>, c10::ArrayRef<long>)::{lambda(char*, char const*, long)#1}>(at::TensorIteratorBase&, c10::ArrayRef<long>, c10::ArrayRef<long>, at::native::index_put_kernel_impl<at::native::OpaqueType<1> >(at::TensorIterator&, c10::ArrayRef<long>, c10::ArrayRef<long>)::{lambda(char*, char const*, long)#1} const&, bool)::{lambda(int)#1})",2,16560,8280.000000,0.8513,4120,12440,5883.128419
"void at::native::reduce_kernel<512, 1, at::native::ReduceOp<bool, at::native::func_wrapper_t<bool, at::native::and_kernel_cuda(at::TensorIterator&)::{lambda()#1}::operator()() const::{lambda()#12}::operator()() const::{lambda(bool, bool)#1}>, unsigned int, bool, 4, 4> >(at::native::ReduceOp<bool, at::native::func_wrapper_t<bool, at::native::and_kernel_cuda(at::TensorIterator&)::{lambda()#1}::operator()() const::{lambda()#12}::operator()() const::{lambda(bool, bool)#1}>, unsigned int, bool, 4, 4>)",2,15840,7920.000000,0.8143,6520,9320,1979.898987
"void at::native::elementwise_kernel_manual_unroll<128, 4, at::native::gpu_kernel_impl_nocast<at::native::BinaryFunctor<float, float, float, at::native::binary_internal::DivFunctor<float> > >(at::TensorIteratorBase&, at::native::BinaryFunctor<float, float, float, at::native::binary_internal::DivFunctor<float> > const&)::{lambda(int, bool)#1}>(int, at::native::gpu_kernel_impl_nocast<at::native::BinaryFunctor<float, float, float, at::native::binary_internal::DivFunctor<float> > >(at::TensorIteratorBase&, at::native::BinaryFunctor<float, float, float, at::native::binary_internal::DivFunctor<float> > const&)::{lambda(int, bool)#1})",2,15600,7800.000000,0.8020,5920,9680,2658.721497
"Cijk_Alik_Bljk_S_B_Bias_HA_S_SAV_UserArgs_MT64x32x64_MI16x16x1_SN_LDSB1_AFC0_AFEM1_AFEM1_ASEM1_CLR1_CADS0_DTLA0_DTLB0_DTVA0_DTVB0_EPS0_FDSI0_GRPM1_GRVWA4_GRVWB4_GSU0_GSUAMB_GLS0_ISA950_IU1_K1_LDSTI0_LBSPPA512_LBSPPB256_LBSPPM0_LPA8_LPB8_LPM0_LRVW4_LWPMn1_MIAV0_MIWT2_1_MO40_NTn1_NTA4_NTB0_NTC0_NTD0_NTM0_NEPBS0_NLCA1_NLCB1_ONLL1_PGR2_PLR1_PKA1_SIA3_SS1_SPO0_SRVW0_SSO0_SVW2_SK3_SKFTR0_SKXCCM8_TLDS1_ULSGRO0_USL1_UIOFGRO0_USFGRO0_VSn1_VWA2_VWB1_WSGRA0_WSGRB0_WS64_WG32_8_1",2,15241,7620.500000,0.7835,7040,8201,820.950973
"void at::native::vectorized_elementwise_kernel<4, at::native::FillFunctor<double>, std::array<char*, 1ul> >(int, at::native::FillFunctor<double>, std::array<char*, 1ul>)",6,14960,2493.333333,0.7691,1880,4080,828.170675
"void at::native::elementwise_kernel_manual_unroll<128, 4, at::native::gpu_kernel_impl<at::native::direct_copy_kernel_cuda(at::TensorIteratorBase&)::{lambda()#3}::operator()() const::{lambda()#1}::operator()() const::{lambda(unsigned char)#1}>(at::TensorIteratorBase&, at::native::direct_copy_kernel_cuda(at::TensorIteratorBase&)::{lambda()#3}::operator()() const::{lambda()#1}::operator()() const::{lambda(unsigned char)#1} const&)::{lambda(int, bool)#1}>(int, at::native::gpu_kernel_impl<at::native::direct_copy_kernel_cuda(at::TensorIteratorBase&)::{lambda()#3}::operator()() const::{lambda()#1}::operator()() const::{lambda(unsigned char)#1}>(at::TensorIteratorBase&, at::native::direct_copy_kernel_cuda(at::TensorIteratorBase&)::{lambda()#3}::operator()() const::{lambda()#1}::operator()() const::{lambda(unsigned char)#1} const&)::{lambda(int, bool)#1})",2,14720,7360.000000,0.7567,6680,8040,961.665222
"__amd_rocclr_fillBufferAligned",4,14680,3670.000000,0.7547,1920,8480,3209.382080
"void at::native::vectorized_elementwise_kernel<4, at::native::bfloat16_copy_kernel_cuda(at::TensorIteratorBase&)::{lambda(float)#1}, std::array<char*, 2ul> >(int, at::native::bfloat16_copy_kernel_cuda(at::TensorIteratorBase&)::{lambda(float)#1}, std::array<char*, 2ul>)",3,14400,4800.000000,0.7403,3080,7360,2260.265471
"Cijk_Alik_Bljk_S_B_Bias_HA_S_SAV_UserArgs_MT32x32x64_MI16x16x1_SN_LDSB1_AFC0_AFEM1_AFEM1_ASEM1_CLR1_CADS0_DTLA0_DTLB0_DTVA0_DTVB0_EPS0_FDSI0_GRPM1_GRVWA4_GRVWB4_GSU0_GSUAMB_GLS0_ISA950_IU1_K1_LDSTI0_LBSPPA256_LBSPPB256_LBSPPM0_LPA8_LPB8_LPM0_LRVW4_LWPMn1_MIAV0_MIWT1_1_MO40_NTn1_NTA4_NTB0_NTC0_NTD0_NTM0_NEPBS0_NLCA1_NLCB1_ONLL1_PGR2_PLR1_PKA1_SIA3_SS1_SPO0_SRVW0_SSO0_SVW1_SK3_SKFTR0_SKXCCM8_TLDS1_ULSGRO0_USL1_UIOFGRO0_USFGRO0_VSn1_VWA1_VWB1_WSGRA0_WSGRB0_WS64_WG32_8_1",2,13800,6900.000000,0.7094,6760,7040,197.989899
"void at::native::elementwise_kernel_manual_unroll<128, 8, at::native::gpu_kernel_impl_nocast<at::native::BinaryFunctor<unsigned char, unsigned char, unsigned char, at::native::BitwiseOrFunctor<unsigned char> > >(at::TensorIteratorBase&, at::native::BinaryFunctor<unsigned char, unsigned char, unsigned char, at::native::BitwiseOrFunctor<unsigned char> > const&)::{lambda(int, bool)#1}>(int, at::native::gpu_kernel_impl_nocast<at::native::BinaryFunctor<unsigned char, unsigned char, unsigned char, at::native::BitwiseOrFunctor<unsigned char> > >(at::TensorIteratorBase&, at::native::BinaryFunctor<unsigned char, unsigned char, unsigned char, at::native::BitwiseOrFunctor<unsigned char> > const&)::{lambda(int, bool)#1})",2,13560,6780.000000,0.6971,6600,6960,254.558441
"void at::native::elementwise_kernel_manual_unroll<128, 8, at::native::gpu_kernel_impl_nocast<at::native::BUnaryFunctor<unsigned char, unsigned char, unsigned char, at::native::lshift_kernel_cuda(at::TensorIteratorBase&)::{lambda()#1}::operator()() const::{lambda()#1}::operator()() const::{lambda(unsigned char, unsigned char)#1}> >(at::TensorIteratorBase&, at::native::BUnaryFunctor<unsigned char, unsigned char, unsigned char, at::native::lshift_kernel_cuda(at::TensorIteratorBase&)::{lambda()#1}::operator()() const::{lambda()#1}::operator()() const::{lambda(unsigned char, unsigned char)#1}> const&)::{lambda(int, bool)#1}>(int, at::native::gpu_kernel_impl_nocast<at::native::BUnaryFunctor<unsigned char, unsigned char, unsigned char, at::native::lshift_kernel_cuda(at::TensorIteratorBase&)::{lambda()#1}::operator()() const::{lambda()#1}::operator()() const::{lambda(unsigned char, unsigned char)#1}> >(at::TensorIteratorBase&, at::native::BUnaryFunctor<unsigned char, unsigned char, unsigned char, at::native::lshift_kernel_cuda(at::TensorIteratorBase&)::{lambda()#1}::operator()() const::{lambda()#1}::operator()() const::{lambda(unsigned char, unsigned char)#1}> const&)::{lambda(int, bool)#1})",2,13280,6640.000000,0.6827,6640,6640,0.00000000e+00
"void at::native::(anonymous namespace)::write_indices<long>(long*, at::native::(anonymous namespace)::TensorDims<long>, int, long, long*, long)",3,13120,4373.333333,0.6745,4160,4600,220.302822
"void at::native::vectorized_elementwise_kernel<16, at::native::BUnaryFunctor<unsigned char, unsigned char, unsigned char, at::native::rshift_kernel_cuda(at::TensorIteratorBase&)::{lambda()#1}::operator()() const::{lambda()#1}::operator()() const::{lambda(unsigned char, unsigned char)#1}>, std::array<char*, 2ul> >(int, at::native::BUnaryFunctor<unsigned char, unsigned char, unsigned char, at::native::rshift_kernel_cuda(at::TensorIteratorBase&)::{lambda()#1}::operator()() const::{lambda()#1}::operator()() const::{lambda(unsigned char, unsigned char)#1}>, std::array<char*, 2ul>)",4,12080,3020.000000,0.6210,2640,3360,337.045991
"void at::native::vectorized_elementwise_kernel<4, at::native::bfloat16tofloat32_copy_kernel_cuda(at::TensorIteratorBase&)::{lambda(c10::BFloat16)#1}, std::array<char*, 2ul> >(int, at::native::bfloat16tofloat32_copy_kernel_cuda(at::TensorIteratorBase&)::{lambda(c10::BFloat16)#1}, std::array<char*, 2ul>)",2,12040,6020.000000,0.6190,4000,8040,2856.711396
"void at::native::reduce_kernel<512, 1, at::native::ReduceOp<double, at::native::func_wrapper_t<double, at::native::MaxNanFunctor<double> >, unsigned int, double, 4, 4> >(at::native::ReduceOp<double, at::native::func_wrapper_t<double, at::native::MaxNanFunctor<double> >, unsigned int, double, 4, 4>)",1,10040,10040.000000,0.5161,10040,10040,0.00000000e+00
"void at::native::vectorized_elementwise_kernel<4, at::native::FillFunctor<float>, std::array<char*, 1ul> >(int, at::native::FillFunctor<float>, std::array<char*, 1ul>)",3,9840,3280.000000,0.5059,2880,3640,381.575681
"void at::native::vectorized_elementwise_kernel<4, at::native::(anonymous namespace)::isneginf_kernel_impl(at::TensorIteratorBase&)::{lambda()#1}::operator()() const::{lambda()#2}::operator()() const::{lambda(float)#1}, std::array<char*, 2ul> >(int, at::native::(anonymous namespace)::isneginf_kernel_impl(at::TensorIteratorBase&)::{lambda()#1}::operator()() const::{lambda()#2}::operator()() const::{lambda(float)#1}, std::array<char*, 2ul>)",2,9600,4800.000000,0.4935,3600,6000,1697.056275
"void at::native::reduce_kernel<512, 1, at::native::ReduceOp<double, at::native::MeanOps<double, double, double, double>, unsigned int, double, 4, 4> >(at::native::ReduceOp<double, at::native::MeanOps<double, double, double, double>, unsigned int, double, 4, 4>)",1,8840,8840.000000,0.4544,8840,8840,0.00000000e+00
"void rocprim::ROCPRIM_400200_NS::detail::trampoline_kernel<rocprim::ROCPRIM_400200_NS::detail::wrapped_reduce_config<rocprim::ROCPRIM_400200_NS::default_config, int>, (rocprim::ROCPRIM_400200_NS::detail::target_arch)950, rocprim::ROCPRIM_400200_NS::detail::reduce_impl<true, rocprim::ROCPRIM_400200_NS::default_config, hipcub::HIPCUB_400200_NS::TransformInputIterator<bool, at::native::(anonymous namespace)::NonZeroOp<bool>, bool const*, long>, int*, int, hipcub::HIPCUB_400200_NS::detail::convert_binary_result_type_wrapper<hipcub::HIPCUB_400200_NS::Sum, hipcub::HIPCUB_400200_NS::TransformInputIterator<bool, at::native::(anonymous namespace)::NonZeroOp<bool>, bool const*, long>, int> >(void*, unsigned long&, hipcub::HIPCUB_400200_NS::TransformInputIterator<bool, at::native::(anonymous namespace)::NonZeroOp<bool>, bool const*, long>, int*, int, unsigned long, hipcub::HIPCUB_400200_NS::detail::convert_binary_result_type_wrapper<hipcub::HIPCUB_400200_NS::Sum, hipcub::HIPCUB_400200_NS::TransformInputIterator<bool, at::native::(anonymous namespace)::NonZeroOp<bool>, bool const*, long>, int>, ihipStream_t*, bool)::{lambda(auto:1)#4}, rocprim::ROCPRIM_400200_NS::detail::default_config_selector>(rocprim::ROCPRIM_400200_NS::detail::reduce_impl<true, rocprim::ROCPRIM_400200_NS::default_config, hipcub::HIPCUB_400200_NS::TransformInputIterator<bool, at::native::(anonymous namespace)::NonZeroOp<bool>, bool const*, long>, int*, int, hipcub::HIPCUB_400200_NS::detail::convert_binary_result_type_wrapper<hipcub::HIPCUB_400200_NS::Sum, hipcub::HIPCUB_400200_NS::TransformInputIterator<bool, at::native::(anonymous namespace)::NonZeroOp<bool>, bool const*, long>, int> >(void*, unsigned long&, hipcub::HIPCUB_400200_NS::TransformInputIterator<bool, at::native::(anonymous namespace)::NonZeroOp<bool>, bool const*, long>, int*, int, unsigned long, hipcub::HIPCUB_400200_NS::detail::convert_binary_result_type_wrapper<hipcub::HIPCUB_400200_NS::Sum, hipcub::HIPCUB_400200_NS::TransformInputIterator<bool, at::native::(anonymous namespace)::NonZeroOp<bool>, bool const*, long>, int>, ihipStream_t*, bool)::{lambda(auto:1)#4})",3,8720,2906.666667,0.4483,2560,3160,310.698139
"void at::native::reduce_kernel<512, 1, at::native::ReduceOp<double, at::native::func_wrapper_t<double, at::native::sum_functor<double, double, double>::operator()(at::TensorIterator&)::{lambda(double, double)#2}>, unsigned int, double, 4, 4> >(at::native::ReduceOp<double, at::native::func_wrapper_t<double, at::native::sum_functor<double, double, double>::operator()(at::TensorIterator&)::{lambda(double, double)#2}>, unsigned int, double, 4, 4>)",1,8520,8520.000000,0.4380,8520,8520,0.00000000e+00
"void at::native::vectorized_elementwise_kernel<4, at::native::BinaryFunctor<float, float, bool, at::native::(anonymous namespace)::CompareEqFunctor<float> >, std::array<char*, 3ul> >(int, at::native::BinaryFunctor<float, float, bool, at::native::(anonymous namespace)::CompareEqFunctor<float> >, std::array<char*, 3ul>)",2,8520,4260.000000,0.4380,3560,4960,989.949494
"void at::native::vectorized_elementwise_kernel<16, at::native::bitwise_not_kernel_cuda(at::TensorIteratorBase&)::{lambda(bool)#1}, std::array<char*, 2ul> >(int, at::native::bitwise_not_kernel_cuda(at::TensorIteratorBase&)::{lambda(bool)#1}, std::array<char*, 2ul>)",2,8040,4020.000000,0.4133,3600,4440,593.969696
"void rocprim::ROCPRIM_400200_NS::detail::trampoline_kernel<rocprim::ROCPRIM_400200_NS::detail::wrapped_transform_config<rocprim::ROCPRIM_400200_NS::default_config, unsigned long, true>, (rocprim::ROCPRIM_400200_NS::detail::target_arch)950, rocprim::ROCPRIM_400200_NS::detail::transform_impl<true, rocprim::ROCPRIM_400200_NS::default_config, unsigned long*, int*, rocprim::ROCPRIM_400200_NS::identity<void> >(unsigned long*, int*, unsigned long, rocprim::ROCPRIM_400200_NS::identity<void>, ihipStream_t*, bool)::{lambda(auto:1)#1}, rocprim::ROCPRIM_400200_NS::detail::default_config_selector>(rocprim::ROCPRIM_400200_NS::detail::transform_impl<true, rocprim::ROCPRIM_400200_NS::default_config, unsigned long*, int*, rocprim::ROCPRIM_400200_NS::identity<void> >(unsigned long*, int*, unsigned long, rocprim::ROCPRIM_400200_NS::identity<void>, ihipStream_t*, bool)::{lambda(auto:1)#1})",3,7280,2426.666667,0.3743,1480,4240,1570.902076
"void at::native::vectorized_elementwise_kernel<4, at::native::CUDAFunctor_add<double>, std::array<char*, 3ul> >(int, at::native::CUDAFunctor_add<double>, std::array<char*, 3ul>)",2,6680,3340.000000,0.3434,2960,3720,537.401154
"void at::native::vectorized_elementwise_kernel<4, at::native::AUnaryFunctor<float, float, float, at::native::binary_internal::MulFunctor<float> >, std::array<char*, 2ul> >(int, at::native::AUnaryFunctor<float, float, float, at::native::binary_internal::MulFunctor<float> >, std::array<char*, 2ul>)",2,6360,3180.000000,0.3270,2440,3920,1046.518036
"void rocprim::ROCPRIM_400200_NS::detail::init_lookback_scan_state_kernel<rocprim::ROCPRIM_400200_NS::detail::lookback_scan_state<unsigned long, false, true>, rocprim::ROCPRIM_400200_NS::detail::block_id_wrapper<unsigned int, true> >(rocprim::ROCPRIM_400200_NS::detail::lookback_scan_state<unsigned long, false, true>, unsigned int, rocprim::ROCPRIM_400200_NS::detail::block_id_wrapper<unsigned int, true>, unsigned int, rocprim::ROCPRIM_400200_NS::detail::lookback_scan_state<unsigned long, false, true>::value_type*)",3,6280,2093.333333,0.3228,1720,2560,427.707065
"void at::native::vectorized_elementwise_kernel<4, at::native::AbsFunctor<double>, std::array<char*, 2ul> >(int, at::native::AbsFunctor<double>, std::array<char*, 2ul>)",2,6080,3040.000000,0.3126,2520,3560,735.391052
"void at::native::vectorized_elementwise_kernel<4, at::native::ceil_kernel_cuda(at::TensorIteratorBase&)::{lambda()#1}::operator()() const::{lambda()#2}::operator()() const::{lambda(float)#1}, std::array<char*, 2ul> >(int, at::native::ceil_kernel_cuda(at::TensorIteratorBase&)::{lambda()#1}::operator()() const::{lambda()#2}::operator()() const::{lambda(float)#1}, std::array<char*, 2ul>)",2,6000,3000.000000,0.3084,2680,3320,452.548340
"void at::native::vectorized_elementwise_kernel<4, at::native::(anonymous namespace)::CompareFunctor<float>, std::array<char*, 3ul> >(int, at::native::(anonymous namespace)::CompareFunctor<float>, std::array<char*, 3ul>)",1,5920,5920.000000,0.3043,5920,5920,0.00000000e+00
"void at::native::vectorized_elementwise_kernel<4, at::native::BUnaryFunctor<float, float, float, at::native::binary_internal::MulFunctor<float> >, std::array<char*, 2ul> >(int, at::native::BUnaryFunctor<float, float, float, at::native::binary_internal::MulFunctor<float> >, std::array<char*, 2ul>)",2,5680,2840.000000,0.2920,2440,3240,565.685425
"void at::native::vectorized_elementwise_kernel<4, at::native::log2_kernel_cuda(at::TensorIteratorBase&)::{lambda()#2}::operator()() const::{lambda()#2}::operator()() const::{lambda(float)#1}, std::array<char*, 2ul> >(int, at::native::log2_kernel_cuda(at::TensorIteratorBase&)::{lambda()#2}::operator()() const::{lambda()#2}::operator()() const::{lambda(float)#1}, std::array<char*, 2ul>)",2,5640,2820.000000,0.2899,2480,3160,480.832611
"void at::native::vectorized_elementwise_kernel<16, at::native::BinaryFunctor<bool, bool, bool, at::native::BitwiseOrFunctor<bool> >, std::array<char*, 3ul> >(int, at::native::BinaryFunctor<bool, bool, bool, at::native::BitwiseOrFunctor<bool> >, std::array<char*, 3ul>)",1,5521,5521.000000,0.2838,5521,5521,0.00000000e+00
"void at::native::vectorized_elementwise_kernel<16, at::native::BinaryFunctor<bool, bool, bool, at::native::binary_internal::MulFunctor<bool> >, std::array<char*, 3ul> >(int, at::native::BinaryFunctor<bool, bool, bool, at::native::binary_internal::MulFunctor<bool> >, std::array<char*, 3ul>)",1,5480,5480.000000,0.2817,5480,5480,0.00000000e+00
"void at::native::vectorized_elementwise_kernel<16, at::native::FillFunctor<unsigned char>, std::array<char*, 1ul> >(int, at::native::FillFunctor<unsigned char>, std::array<char*, 1ul>)",2,5360,2680.000000,0.2755,2400,2960,395.979797
"void at::native::vectorized_elementwise_kernel<16, at::native::BinaryFunctor<bool, bool, bool, at::native::BitwiseAndFunctor<bool> >, std::array<char*, 3ul> >(int, at::native::BinaryFunctor<bool, bool, bool, at::native::BitwiseAndFunctor<bool> >, std::array<char*, 3ul>)",1,5360,5360.000000,0.2755,5360,5360,0.00000000e+00
"void at::native::vectorized_elementwise_kernel<4, at::native::BinaryFunctor<double, double, double, at::native::binary_internal::MulFunctor<double> >, std::array<char*, 3ul> >(int, at::native::BinaryFunctor<double, double, double, at::native::binary_internal::MulFunctor<double> >, std::array<char*, 3ul>)",2,5080,2540.000000,0.2612,1960,3120,820.243866
"void at::native::reduce_kernel<512, 1, at::native::ReduceOp<long, at::native::func_wrapper_t<long, at::native::sum_functor<long, long, long>::operator()(at::TensorIterator&)::{lambda(long, long)#2}>, unsigned int, long, 4, 4> >(at::native::ReduceOp<long, at::native::func_wrapper_t<long, at::native::sum_functor<long, long, long>::operator()(at::TensorIterator&)::{lambda(long, long)#2}>, unsigned int, long, 4, 4>)",1,4960,4960.000000,0.2550,4960,4960,0.00000000e+00
"void at::native::vectorized_elementwise_kernel<4, at::native::AUnaryFunctor<float, float, bool, at::native::(anonymous namespace)::CompareEqFunctor<float> >, std::array<char*, 2ul> >(int, at::native::AUnaryFunctor<float, float, bool, at::native::(anonymous namespace)::CompareEqFunctor<float> >, std::array<char*, 2ul>)",1,4120,4120.000000,0.2118,4120,4120,0.00000000e+00
"void at::native::(anonymous namespace)::distribution_elementwise_grid_stride_kernel<float, 4, at::native::templates::cuda::normal_and_transform<float, float, at::CUDAGeneratorImpl*, at::native::templates::cuda::normal_kernel<at::CUDAGeneratorImpl*>(at::TensorBase const&, double, double, at::CUDAGeneratorImpl*)::{lambda()#1}::operator()() const::{lambda()#2}::operator()() const::{lambda(float)#1}>(at::TensorIteratorBase&, at::CUDAGeneratorImpl*, at::native::templates::cuda::normal_kernel<at::CUDAGeneratorImpl*>(at::TensorBase const&, double, double, at::CUDAGeneratorImpl*)::{lambda()#1}::operator()() const::{lambda()#2}::operator()() const::{lambda(float)#1})::{lambda(hiprandStatePhilox4_32_10*)#2}, at::native::(anonymous namespace)::distribution_nullary_kernel<float, float, HIP_vector_type<float, 4u>, at::CUDAGeneratorImpl*, at::native::templates::cuda::normal_and_transform<float, float, at::CUDAGeneratorImpl*, at::native::templates::cuda::normal_kernel<at::CUDAGeneratorImpl*>(at::TensorBase const&, double, double, at::CUDAGeneratorImpl*)::{lambda()#1}::operator()() const::{lambda()#2}::operator()() const::{lambda(float)#1}>(at::TensorIteratorBase&, at::CUDAGeneratorImpl*, at::native::templates::cuda::normal_kernel<at::CUDAGeneratorImpl*>(at::TensorBase const&, double, double, at::CUDAGeneratorImpl*)::{lambda()#1}::operator()() const::{lambda()#2}::operator()() const::{lambda(float)#1})::{lambda(hiprandStatePhilox4_32_10*)#2}, at::native::templates::cuda::normal_kernel<at::CUDAGeneratorImpl*>(at::TensorBase const&, double, double, at::CUDAGeneratorImpl*)::{lambda()#1}::operator()() const::{lambda()#2}::operator()() const::{lambda(float)#1}>(at::TensorIteratorBase&, at::CUDAGeneratorImpl*, at::native::templates::cuda::normal_and_transform<float, float, at::CUDAGeneratorImpl*, at::native::templates::cuda::normal_kernel<at::CUDAGeneratorImpl*>(at::TensorBase const&, double, double, at::CUDAGeneratorImpl*)::{lambda()#1}::operator()() const::{lambda()#2}::operator()() const::{lambda(float)#1}>(at::TensorIteratorBase&, at::CUDAGeneratorImpl*, at::native::templates::cuda::normal_kernel<at::CUDAGeneratorImpl*>(at::TensorBase const&, double, double, at::CUDAGeneratorImpl*)::{lambda()#1}::operator()() const::{lambda()#2}::operator()() const::{lambda(float)#1})::{lambda(hiprandStatePhilox4_32_10*)#2} const&, at::native::templates::cuda::normal_kernel<at::CUDAGeneratorImpl*>(at::TensorBase const&, double, double, at::CUDAGeneratorImpl*)::{lambda()#1}::operator()() const::{lambda()#2}::operator()() const::{lambda(float)#1})::{lambda(int, float)#1}>(long, at::PhiloxCudaState, at::native::templates::cuda::normal_and_transform<float, float, at::CUDAGeneratorImpl*, at::native::templates::cuda::normal_kernel<at::CUDAGeneratorImpl*>(at::TensorBase const&, double, double, at::CUDAGeneratorImpl*)::{lambda()#1}::operator()() const::{lambda()#2}::operator()() const::{lambda(float)#1}>(at::TensorIteratorBase&, at::CUDAGeneratorImpl*, at::native::templates::cuda::normal_kernel<at::CUDAGeneratorImpl*>(at::TensorBase const&, double, double, at::CUDAGeneratorImpl*)::{lambda()#1}::operator()() const::{lambda()#2}::operator()() const::{lambda(float)#1})::{lambda(hiprandStatePhilox4_32_10*)#2}, at::native::(anonymous namespace)::distribution_nullary_kernel<float, float, HIP_vector_type<float, 4u>, at::CUDAGeneratorImpl*, at::native::templates::cuda::normal_and_transform<float, float, at::CUDAGeneratorImpl*, at::native::templates::cuda::normal_kernel<at::CUDAGeneratorImpl*>(at::TensorBase const&, double, double, at::CUDAGeneratorImpl*)::{lambda()#1}::operator()() const::{lambda()#2}::operator()() const::{lambda(float)#1}>(at::TensorIteratorBase&, at::CUDAGeneratorImpl*, at::native::templates::cuda::normal_kernel<at::CUDAGeneratorImpl*>(at::TensorBase const&, double, double, at::CUDAGeneratorImpl*)::{lambda()#1}::operator()() const::{lambda()#2}::operator()() const::{lambda(float)#1})::{lambda(hiprandStatePhilox4_32_10*)#2}, at::native::templates::cuda::normal_kernel<at::CUDAGeneratorImpl*>(at::TensorBase const&, double, double, at::CUDAGeneratorImpl*)::{lambda()#1}::operator()() const::{lambda()#2}::operator()() const::{lambda(float)#1}>(at::TensorIteratorBase&, at::CUDAGeneratorImpl*, at::native::templates::cuda::normal_and_transform<float, float, at::CUDAGeneratorImpl*, at::native::templates::cuda::normal_kernel<at::CUDAGeneratorImpl*>(at::TensorBase const&, double, double, at::CUDAGeneratorImpl*)::{lambda()#1}::operator()() const::{lambda()#2}::operator()() const::{lambda(float)#1}>(at::TensorIteratorBase&, at::CUDAGeneratorImpl*, at::native::templates::cuda::normal_kernel<at::CUDAGeneratorImpl*>(at::TensorBase const&, double, double, at::CUDAGeneratorImpl*)::{lambda()#1}::operator()() const::{lambda()#2}::operator()() const::{lambda(float)#1})::{lambda(hiprandStatePhilox4_32_10*)#2} const&, at::native::templates::cuda::normal_kernel<at::CUDAGeneratorImpl*>(at::TensorBase const&, double, double, at::CUDAGeneratorImpl*)::{lambda()#1}::operator()() const::{lambda()#2}::operator()() const::{lambda(float)#1})::{lambda(int, float)#1})",1,3720,3720.000000,0.1912,3720,3720,0.00000000e+00
"void at::native::vectorized_elementwise_kernel<4, at::native::CUDAFunctor_add<float>, std::array<char*, 3ul> >(int, at::native::CUDAFunctor_add<float>, std::array<char*, 3ul>)",1,3360,3360.000000,0.1727,3360,3360,0.00000000e+00
"void (anonymous namespace)::elementwise_kernel_with_index<int, at::native::arange_cuda_out(c10::Scalar const&, c10::Scalar const&, c10::Scalar const&, at::Tensor&)::{lambda()#1}::operator()() const::{lambda()#3}::operator()() const::{lambda(long)#1}>(int, at::native::arange_cuda_out(c10::Scalar const&, c10::Scalar const&, c10::Scalar const&, at::Tensor&)::{lambda()#1}::operator()() const::{lambda()#3}::operator()() const::{lambda(long)#1}, function_traits<at::native::arange_cuda_out(c10::Scalar const&, c10::Scalar const&, c10::Scalar const&, at::Tensor&)::{lambda()#1}::operator()() const::{lambda()#3}::operator()() const::{lambda(long)#1}>::result_type*)",1,2760,2760.000000,0.1419,2760,2760,0.00000000e+00
"void at::native::vectorized_elementwise_kernel<4, at::native::BinaryFunctor<double, double, double, at::native::binary_internal::DivFunctor<double> >, std::array<char*, 3ul> >(int, at::native::BinaryFunctor<double, double, double, at::native::binary_internal::DivFunctor<double> >, std::array<char*, 3ul>)",1,2280,2280.000000,0.1172,2280,2280,0.00000000e+00
"void at::native::vectorized_elementwise_kernel<4, at::native::CUDAFunctorOnSelf_add<double>, std::array<char*, 2ul> >(int, at::native::CUDAFunctorOnSelf_add<double>, std::array<char*, 2ul>)",1,1880,1880.000000,0.0966,1880,1880,0.00000000e+00
